<?xml version="1.0" encoding="UTF-8"?>
<project-private xmlns="http://www.netbeans.org/ns/project-private/1">
    <data xmlns="http://www.netbeans.org/ns/make-project-private/1">
        <activeConfTypeElem>1</activeConfTypeElem>
        <activeConfIndexElem>0</activeConfIndexElem>
    </data>
    <editor-bookmarks xmlns="http://www.netbeans.org/ns/editor-bookmarks/2" lastBookmarkId="0"/>
    <open-files xmlns="http://www.netbeans.org/ns/projectui-open-files/2">
        <group>
            <file>file:/home/shiro/NetBeansProjects/ApolloXv0.1/main.cc</file>
            <file>file:/home/shiro/NetBeansProjects/ApolloXv0.1/Menu.h</file>
            <file>file:/home/shiro/NetBeansProjects/ApolloXv0.1/Missions.h</file>
            <file>file:/home/shiro/NetBeansProjects/ApolloXv0.1/Missions.cpp</file>
            <file>file:/home/shiro/NetBeansProjects/ApolloXv0.1/Sprite.cpp</file>
            <file>file:/home/shiro/NetBeansProjects/ApolloXv0.1/Menu.cpp</file>
            <file>file:/home/shiro/NetBeansProjects/ApolloXv0.1/Sprite.h</file>
        </group>
    </open-files>
</project-private>
