<?xml version="1.0" encoding="UTF-8"?>
<configurationDescriptor version="100">
  <logicalFolder name="root" displayName="root" projectFiles="true" kind="ROOT">
    <logicalFolder name="HeaderFiles"
                   displayName="Header Files"
                   projectFiles="true">
      <itemPath>Agente.h</itemPath>
      <itemPath>Alien.h</itemPath>
      <itemPath>Bala.h</itemPath>
      <itemPath>Bomba.h</itemPath>
      <itemPath>Canyon.h</itemPath>
      <itemPath>Clock.h</itemPath>
      <itemPath>Escudo.h</itemPath>
      <itemPath>Estado.h</itemPath>
      <itemPath>Event.h</itemPath>
      <itemPath>FactoriaNivel.h</itemPath>
      <itemPath>Jefe.h</itemPath>
      <itemPath>Material.h</itemPath>
      <itemPath>Menu.h</itemPath>
      <itemPath>Meteorito.h</itemPath>
      <itemPath>Motor2D.h</itemPath>
      <itemPath>NPC.h</itemPath>
      <itemPath>Nave.h</itemPath>
      <itemPath>Nivel.h</itemPath>
      <itemPath>Normal.h</itemPath>
      <itemPath>Obstaculo.h</itemPath>
      <itemPath>Partida.h</itemPath>
      <itemPath>Pausa.h</itemPath>
      <itemPath>Rafaga.h</itemPath>
      <itemPath>RenderWindow.h</itemPath>
      <itemPath>Resultado.h</itemPath>
      <itemPath>Sprite.h</itemPath>
      <itemPath>Texture.h</itemPath>
      <itemPath>Tienda.h</itemPath>
      <itemPath>Vector2f.h</itemPath>
    </logicalFolder>
    <logicalFolder name="ResourceFiles"
                   displayName="Resource Files"
                   projectFiles="true">
      <itemPath>../../Escritorio/Plantilla/resources/sprites.png</itemPath>
    </logicalFolder>
    <logicalFolder name="SourceFiles"
                   displayName="Source Files"
                   projectFiles="true">
      <itemPath>Agente.cpp</itemPath>
      <itemPath>Alien.cpp</itemPath>
      <itemPath>Bala.cpp</itemPath>
      <itemPath>Bomba.cpp</itemPath>
      <itemPath>Canyon.cpp</itemPath>
      <itemPath>Clock.cpp</itemPath>
      <itemPath>Escudo.cpp</itemPath>
      <itemPath>Estado.cpp</itemPath>
      <itemPath>Event.cpp</itemPath>
      <itemPath>FactoriaNivel.cpp</itemPath>
      <itemPath>Jefe.cpp</itemPath>
      <itemPath>Material.cpp</itemPath>
      <itemPath>Menu.cpp</itemPath>
      <itemPath>Meteorito.cpp</itemPath>
      <itemPath>Motor2D.cpp</itemPath>
      <itemPath>NPC.cpp</itemPath>
      <itemPath>Nave.cpp</itemPath>
      <itemPath>Nivel.cpp</itemPath>
      <itemPath>Normal.cpp</itemPath>
      <itemPath>Obstaculo.cpp</itemPath>
      <itemPath>Partida.cpp</itemPath>
      <itemPath>Pausa.cpp</itemPath>
      <itemPath>Rafaga.cpp</itemPath>
      <itemPath>RenderWindow.cpp</itemPath>
      <itemPath>Resultado.cpp</itemPath>
      <itemPath>Sprite.cpp</itemPath>
      <itemPath>Texture.cpp</itemPath>
      <itemPath>Tienda.cpp</itemPath>
      <itemPath>Vector2f.cpp</itemPath>
      <itemPath>main.cc</itemPath>
    </logicalFolder>
    <logicalFolder name="TestFiles"
                   displayName="Test Files"
                   projectFiles="false"
                   kind="TEST_LOGICAL_FOLDER">
    </logicalFolder>
    <logicalFolder name="ExternalFiles"
                   displayName="Important Files"
                   projectFiles="false"
                   kind="IMPORTANT_FILES_FOLDER">
      <itemPath>Makefile</itemPath>
    </logicalFolder>
  </logicalFolder>
  <projectmakefile>Makefile</projectmakefile>
  <confs>
    <conf name="Debug" type="1">
      <toolsSet>
        <compilerSet>default</compilerSet>
        <dependencyChecking>true</dependencyChecking>
        <rebuildPropChanged>false</rebuildPropChanged>
      </toolsSet>
      <compileType>
        <ccTool>
          <incDir>
            <pElem>/usr/include/SFML</pElem>
          </incDir>
        </ccTool>
        <linkerTool>
          <linkerAddLib>
            <pElem>/usr/lib/x86_64-linux-gnu</pElem>
          </linkerAddLib>
          <linkerLibItems>
            <linkerLibFileItem>/usr/lib/x86_64-linux-gnu/libsfml-graphics.so</linkerLibFileItem>
            <linkerLibFileItem>/usr/lib/x86_64-linux-gnu/libsfml-system.so</linkerLibFileItem>
            <linkerLibFileItem>/usr/lib/x86_64-linux-gnu/libsfml-window.so</linkerLibFileItem>
          </linkerLibItems>
        </linkerTool>
      </compileType>
      <item path="../../Escritorio/Plantilla/resources/sprites.png"
            ex="false"
            tool="3"
            flavor2="0">
      </item>
      <item path="Agente.cpp" ex="false" tool="1" flavor2="0">
      </item>
      <item path="Agente.h" ex="false" tool="3" flavor2="0">
      </item>
      <item path="Alien.cpp" ex="false" tool="1" flavor2="0">
      </item>
      <item path="Alien.h" ex="false" tool="3" flavor2="0">
      </item>
      <item path="Bala.cpp" ex="false" tool="1" flavor2="0">
      </item>
      <item path="Bala.h" ex="false" tool="3" flavor2="0">
      </item>
      <item path="Bomba.cpp" ex="false" tool="1" flavor2="0">
      </item>
      <item path="Bomba.h" ex="false" tool="3" flavor2="0">
      </item>
      <item path="Canyon.cpp" ex="false" tool="1" flavor2="0">
      </item>
      <item path="Canyon.h" ex="false" tool="3" flavor2="0">
      </item>
      <item path="Clock.cpp" ex="false" tool="1" flavor2="0">
      </item>
      <item path="Clock.h" ex="false" tool="3" flavor2="0">
      </item>
      <item path="Escudo.cpp" ex="false" tool="1" flavor2="0">
      </item>
      <item path="Escudo.h" ex="false" tool="3" flavor2="0">
      </item>
      <item path="Estado.cpp" ex="false" tool="1" flavor2="0">
      </item>
      <item path="Estado.h" ex="false" tool="3" flavor2="0">
      </item>
      <item path="Event.cpp" ex="false" tool="1" flavor2="0">
      </item>
      <item path="Event.h" ex="false" tool="3" flavor2="0">
      </item>
      <item path="FactoriaNivel.cpp" ex="false" tool="1" flavor2="0">
      </item>
      <item path="FactoriaNivel.h" ex="false" tool="3" flavor2="0">
      </item>
      <item path="Jefe.cpp" ex="false" tool="1" flavor2="0">
      </item>
      <item path="Jefe.h" ex="false" tool="3" flavor2="0">
      </item>
      <item path="Material.cpp" ex="false" tool="1" flavor2="0">
      </item>
      <item path="Material.h" ex="false" tool="3" flavor2="0">
      </item>
      <item path="Menu.cpp" ex="false" tool="1" flavor2="0">
      </item>
      <item path="Menu.h" ex="false" tool="3" flavor2="0">
      </item>
      <item path="Meteorito.cpp" ex="false" tool="1" flavor2="0">
      </item>
      <item path="Meteorito.h" ex="false" tool="3" flavor2="0">
      </item>
      <item path="Motor2D.cpp" ex="false" tool="1" flavor2="0">
      </item>
      <item path="Motor2D.h" ex="false" tool="3" flavor2="0">
      </item>
      <item path="NPC.cpp" ex="false" tool="1" flavor2="0">
      </item>
      <item path="NPC.h" ex="false" tool="3" flavor2="0">
      </item>
      <item path="Nave.cpp" ex="false" tool="1" flavor2="0">
      </item>
      <item path="Nave.h" ex="false" tool="3" flavor2="0">
      </item>
      <item path="Nivel.cpp" ex="false" tool="1" flavor2="0">
      </item>
      <item path="Nivel.h" ex="false" tool="3" flavor2="0">
      </item>
      <item path="Normal.cpp" ex="false" tool="1" flavor2="0">
      </item>
      <item path="Normal.h" ex="false" tool="3" flavor2="0">
      </item>
      <item path="Obstaculo.cpp" ex="false" tool="1" flavor2="0">
      </item>
      <item path="Obstaculo.h" ex="false" tool="3" flavor2="0">
      </item>
      <item path="Partida.cpp" ex="false" tool="1" flavor2="0">
      </item>
      <item path="Partida.h" ex="false" tool="3" flavor2="0">
      </item>
      <item path="Pausa.cpp" ex="false" tool="1" flavor2="0">
      </item>
      <item path="Pausa.h" ex="false" tool="3" flavor2="0">
      </item>
      <item path="Rafaga.cpp" ex="false" tool="1" flavor2="0">
      </item>
      <item path="Rafaga.h" ex="false" tool="3" flavor2="0">
      </item>
      <item path="RenderWindow.cpp" ex="false" tool="1" flavor2="0">
      </item>
      <item path="RenderWindow.h" ex="false" tool="3" flavor2="0">
      </item>
      <item path="Resultado.cpp" ex="false" tool="1" flavor2="0">
      </item>
      <item path="Resultado.h" ex="false" tool="3" flavor2="0">
      </item>
      <item path="Sprite.cpp" ex="false" tool="1" flavor2="0">
      </item>
      <item path="Sprite.h" ex="false" tool="3" flavor2="0">
      </item>
      <item path="Texture.cpp" ex="false" tool="1" flavor2="0">
      </item>
      <item path="Texture.h" ex="false" tool="3" flavor2="0">
      </item>
      <item path="Tienda.cpp" ex="false" tool="1" flavor2="0">
      </item>
      <item path="Tienda.h" ex="false" tool="3" flavor2="0">
      </item>
      <item path="Vector2f.cpp" ex="false" tool="1" flavor2="0">
      </item>
      <item path="Vector2f.h" ex="false" tool="3" flavor2="0">
      </item>
      <item path="main.cc" ex="false" tool="1" flavor2="0">
      </item>
    </conf>
    <conf name="Release" type="1">
      <toolsSet>
        <compilerSet>default</compilerSet>
        <dependencyChecking>true</dependencyChecking>
        <rebuildPropChanged>false</rebuildPropChanged>
      </toolsSet>
      <compileType>
        <cTool>
          <developmentMode>5</developmentMode>
        </cTool>
        <ccTool>
          <developmentMode>5</developmentMode>
        </ccTool>
        <fortranCompilerTool>
          <developmentMode>5</developmentMode>
        </fortranCompilerTool>
        <asmTool>
          <developmentMode>5</developmentMode>
        </asmTool>
      </compileType>
      <item path="../../Escritorio/Plantilla/resources/sprites.png"
            ex="false"
            tool="3"
            flavor2="0">
      </item>
      <item path="Agente.cpp" ex="false" tool="1" flavor2="0">
      </item>
      <item path="Agente.h" ex="false" tool="3" flavor2="0">
      </item>
      <item path="Alien.cpp" ex="false" tool="1" flavor2="0">
      </item>
      <item path="Alien.h" ex="false" tool="3" flavor2="0">
      </item>
      <item path="Bala.cpp" ex="false" tool="1" flavor2="0">
      </item>
      <item path="Bala.h" ex="false" tool="3" flavor2="0">
      </item>
      <item path="Bomba.cpp" ex="false" tool="1" flavor2="0">
      </item>
      <item path="Bomba.h" ex="false" tool="3" flavor2="0">
      </item>
      <item path="Canyon.cpp" ex="false" tool="1" flavor2="0">
      </item>
      <item path="Canyon.h" ex="false" tool="3" flavor2="0">
      </item>
      <item path="Clock.cpp" ex="false" tool="1" flavor2="0">
      </item>
      <item path="Clock.h" ex="false" tool="3" flavor2="0">
      </item>
      <item path="Escudo.cpp" ex="false" tool="1" flavor2="0">
      </item>
      <item path="Escudo.h" ex="false" tool="3" flavor2="0">
      </item>
      <item path="Estado.cpp" ex="false" tool="1" flavor2="0">
      </item>
      <item path="Estado.h" ex="false" tool="3" flavor2="0">
      </item>
      <item path="Event.cpp" ex="false" tool="1" flavor2="0">
      </item>
      <item path="Event.h" ex="false" tool="3" flavor2="0">
      </item>
      <item path="FactoriaNivel.cpp" ex="false" tool="1" flavor2="0">
      </item>
      <item path="FactoriaNivel.h" ex="false" tool="3" flavor2="0">
      </item>
      <item path="Jefe.cpp" ex="false" tool="1" flavor2="0">
      </item>
      <item path="Jefe.h" ex="false" tool="3" flavor2="0">
      </item>
      <item path="Material.cpp" ex="false" tool="1" flavor2="0">
      </item>
      <item path="Material.h" ex="false" tool="3" flavor2="0">
      </item>
      <item path="Menu.cpp" ex="false" tool="1" flavor2="0">
      </item>
      <item path="Menu.h" ex="false" tool="3" flavor2="0">
      </item>
      <item path="Meteorito.cpp" ex="false" tool="1" flavor2="0">
      </item>
      <item path="Meteorito.h" ex="false" tool="3" flavor2="0">
      </item>
      <item path="Motor2D.cpp" ex="false" tool="1" flavor2="0">
      </item>
      <item path="Motor2D.h" ex="false" tool="3" flavor2="0">
      </item>
      <item path="NPC.cpp" ex="false" tool="1" flavor2="0">
      </item>
      <item path="NPC.h" ex="false" tool="3" flavor2="0">
      </item>
      <item path="Nave.cpp" ex="false" tool="1" flavor2="0">
      </item>
      <item path="Nave.h" ex="false" tool="3" flavor2="0">
      </item>
      <item path="Nivel.cpp" ex="false" tool="1" flavor2="0">
      </item>
      <item path="Nivel.h" ex="false" tool="3" flavor2="0">
      </item>
      <item path="Normal.cpp" ex="false" tool="1" flavor2="0">
      </item>
      <item path="Normal.h" ex="false" tool="3" flavor2="0">
      </item>
      <item path="Obstaculo.cpp" ex="false" tool="1" flavor2="0">
      </item>
      <item path="Obstaculo.h" ex="false" tool="3" flavor2="0">
      </item>
      <item path="Partida.cpp" ex="false" tool="1" flavor2="0">
      </item>
      <item path="Partida.h" ex="false" tool="3" flavor2="0">
      </item>
      <item path="Pausa.cpp" ex="false" tool="1" flavor2="0">
      </item>
      <item path="Pausa.h" ex="false" tool="3" flavor2="0">
      </item>
      <item path="Rafaga.cpp" ex="false" tool="1" flavor2="0">
      </item>
      <item path="Rafaga.h" ex="false" tool="3" flavor2="0">
      </item>
      <item path="RenderWindow.cpp" ex="false" tool="1" flavor2="0">
      </item>
      <item path="RenderWindow.h" ex="false" tool="3" flavor2="0">
      </item>
      <item path="Resultado.cpp" ex="false" tool="1" flavor2="0">
      </item>
      <item path="Resultado.h" ex="false" tool="3" flavor2="0">
      </item>
      <item path="Sprite.cpp" ex="false" tool="1" flavor2="0">
      </item>
      <item path="Sprite.h" ex="false" tool="3" flavor2="0">
      </item>
      <item path="Texture.cpp" ex="false" tool="1" flavor2="0">
      </item>
      <item path="Texture.h" ex="false" tool="3" flavor2="0">
      </item>
      <item path="Tienda.cpp" ex="false" tool="1" flavor2="0">
      </item>
      <item path="Tienda.h" ex="false" tool="3" flavor2="0">
      </item>
      <item path="Vector2f.cpp" ex="false" tool="1" flavor2="0">
      </item>
      <item path="Vector2f.h" ex="false" tool="3" flavor2="0">
      </item>
      <item path="main.cc" ex="false" tool="1" flavor2="0">
      </item>
    </conf>
  </confs>
</configurationDescriptor>
