<?xml version="1.0" encoding="UTF-8"?>
<project-private xmlns="http://www.netbeans.org/ns/project-private/1">
    <data xmlns="http://www.netbeans.org/ns/make-project-private/1">
        <activeConfTypeElem>1</activeConfTypeElem>
        <activeConfIndexElem>0</activeConfIndexElem>
    </data>
    <editor-bookmarks xmlns="http://www.netbeans.org/ns/editor-bookmarks/2" lastBookmarkId="0"/>
    <open-files xmlns="http://www.netbeans.org/ns/projectui-open-files/2">
        <group>
            <file>file:/home/angel/NetBeansProjects/Prototipo_Jefe/Jefe.h</file>
            <file>file:/home/angel/NetBeansProjects/Prototipo_Jefe/Jefe.cpp</file>
            <file>file:/home/angel/NetBeansProjects/Prototipo_Jefe/Nivel.h</file>
            <file>file:/home/angel/NetBeansProjects/Prototipo_Jefe/main.cpp</file>
            <file>file:/home/angel/NetBeansProjects/Prototipo_Jefe/Nivel.cpp</file>
            <file>file:/home/angel/NetBeansProjects/Prototipo_Jefe/bala.h</file>
            <file>file:/home/angel/NetBeansProjects/Prototipo_Jefe/nave.cpp</file>
            <file>file:/home/angel/NetBeansProjects/Prototipo_Jefe/bala.cpp</file>
            <file>file:/home/angel/NetBeansProjects/Prototipo_Jefe/nave.h</file>
        </group>
    </open-files>
</project-private>
