<?xml version="1.0" encoding="UTF-8"?>
<project-private xmlns="http://www.netbeans.org/ns/project-private/1">
    <data xmlns="http://www.netbeans.org/ns/make-project-private/1">
        <activeConfTypeElem>1</activeConfTypeElem>
        <activeConfIndexElem>0</activeConfIndexElem>
    </data>
    <editor-bookmarks xmlns="http://www.netbeans.org/ns/editor-bookmarks/2" lastBookmarkId="0"/>
    <open-files xmlns="http://www.netbeans.org/ns/projectui-open-files/2">
        <group>
            <file>file:/home/angel/Descargas/ApolloX-0.0/Plantilla/RenderWindow.h</file>
            <file>file:/home/angel/Descargas/ApolloX-0.0/Plantilla/Sprite.cpp</file>
            <file>file:/home/angel/Descargas/ApolloX-0.0/Plantilla/Clock.h</file>
            <file>file:/home/angel/Descargas/ApolloX-0.0/Plantilla/main.cc</file>
            <file>file:/home/angel/Descargas/ApolloX-0.0/Plantilla/Motor2D.h</file>
            <file>file:/home/angel/Descargas/ApolloX-0.0/Plantilla/RenderWindow.cpp</file>
            <file>file:/home/angel/Descargas/ApolloX-0.0/Plantilla/Event.cpp</file>
            <file>file:/home/angel/Descargas/ApolloX-0.0/Plantilla/Vector2f.cpp</file>
            <file>file:/home/angel/Descargas/ApolloX-0.0/Plantilla/Sprite.h</file>
            <file>file:/home/angel/Descargas/ApolloX-0.0/Plantilla/Nave.cpp</file>
            <file>file:/home/angel/Descargas/ApolloX-0.0/Plantilla/Texture.h</file>
            <file>file:/home/angel/Descargas/ApolloX-0.0/Plantilla/Texture.cpp</file>
            <file>file:/home/angel/Descargas/ApolloX-0.0/Plantilla/Event.h</file>
            <file>file:/home/angel/Descargas/ApolloX-0.0/Plantilla/Clock.cpp</file>
        </group>
    </open-files>
</project-private>
